<?xml version="1.0" encoding="UTF-8"?>
<project-private xmlns="http://www.netbeans.org/ns/project-private/1">
    <editor-bookmarks xmlns="http://www.netbeans.org/ns/editor-bookmarks/2" lastBookmarkId="0"/>
    <open-files xmlns="http://www.netbeans.org/ns/projectui-open-files/2">
        <group>
            <file>file:/H:/CM2003/CM2003/album.html</file>
            <file>file:/H:/CM2003/CM2003/home.html</file>
            <file>file:/H:/CM2003/CM2003/story2.html</file>
            <file>file:/H:/CM2003/CM2003/story.html</file>
            <file>file:/H:/CM2003/CM2003/map2.html</file>
            <file>file:/H:/CM2003/CM2003/css.css</file>
            <file>file:/H:/CM2003/CM2003/map.html</file>
        </group>
    </open-files>
</project-private>
